Docviewer101,F99u~r2H
Docviewer102,F99u~r2H
Docviewer103,F99u~r2H
Docviewer104,F99u~r2H
Docviewer105,F99u~r2H
Docviewer106,F99u~r2H
Docviewer107,F99u~r2H
Docviewer108,F99u~r2H
Docviewer109,F99u~r2H
Docviewer110,F99u~r2H
Docviewer111,F99u~r2H
Docviewer112,F99u~r2H
Docviewer113,F99u~r2H
Docviewer114,F99u~r2H
Docviewer115,F99u~r2H
Docviewer116,F99u~r2H
Docviewer117,F99u~r2H
Docviewer118,F99u~r2H
Docviewer119,F99u~r2H
Docviewer120,F99u~r2H
Docviewer121,F99u~r2H
Docviewer122,F99u~r2H
Docviewer123,F99u~r2H
Docviewer124,F99u~r2H
Docviewer125,F99u~r2H
Docviewer126,F99u~r2H
Docviewer127,F99u~r2H
Docviewer128,F99u~r2H
Docviewer129,F99u~r2H
Docviewer130,F99u~r2H