CreateErrand001,F99u~r2H
CreateErrand002,F99u~r2H
CreateErrand003,F99u~r2H
CreateErrand004,F99u~r2H
CreateErrand005,F99u~r2H
CreateErrand006,F99u~r2H
CreateErrand007,F99u~r2H
CreateErrand008,F99u~r2H
CreateErrand009,F99u~r2H
CreateErrand010,F99u~r2H
CreateErrand011,F99u~r2H
CreateErrand012,F99u~r2H
CreateErrand013,F99u~r2H
CreateErrand014,F99u~r2H
CreateErrand015,F99u~r2H
CreateErrand016,F99u~r2H
CreateErrand017,F99u~r2H
CreateErrand018,F99u~r2H
CreateErrand019,F99u~r2H
CreateErrand020,F99u~r2H