Errandreport001,F99u~r2H
Errandreport002,F99u~r2H
Errandreport003,F99u~r2H
Errandreport004,F99u~r2H
Errandreport005,F99u~r2H
Errandreport006,F99u~r2H
Errandreport007,F99u~r2H
Errandreport008,F99u~r2H
Errandreport009,F99u~r2H
Errandreport010,F99u~r2H
Errandreport011,F99u~r2H
Errandreport012,F99u~r2H
Errandreport013,F99u~r2H
Errandreport014,F99u~r2H
Errandreport015,F99u~r2H
Errandreport016,F99u~r2H
Errandreport017,F99u~r2H
Errandreport018,F99u~r2H
Errandreport019,F99u~r2H
Errandreport021,F99u~r2H
Errandreport022,F99u~r2H
Errandreport023,F99u~r2H
Errandreport024,F99u~r2H
Errandreport025,F99u~r2H
Errandreport026,F99u~r2H
Errandreport027,F99u~r2H
Errandreport028,F99u~r2H
Errandreport029,F99u~r2H
Errandreport030,F99u~r2H
