Mkcardacceptcreate001,F99u~r2H
Mkcardacceptcreate002,F99u~r2H
Mkcardacceptcreate003,F99u~r2H
Mkcardacceptcreate004,F99u~r2H
Mkcardacceptcreate005,F99u~r2H
Mkcardacceptcreate007,F99u~r2H
Mkcardacceptcreate008,F99u~r2H
Mkcardacceptcreate009,F99u~r2H
Mkcardacceptcreate010,F99u~r2H
Mkcardacceptcreate011,F99u~r2H
Mkcardacceptcreate012,F99u~r2H
Mkcardacceptcreate013,F99u~r2H
Mkcardacceptcreate014,F99u~r2H
Mkcardacceptcreate015,F99u~r2H
Mkcardacceptcreate016,F99u~r2H
Mkcardacceptcreate017,F99u~r2H
Mkcardacceptcreate018,F99u~r2H
Mkcardacceptcreate019,F99u~r2H
Mkcardacceptcreate020,F99u~r2H
Mkcardacceptcreate021,F99u~r2H